Date,Date,Close
1636479180000,1636479180000,4759.39000000
1636479240000,1636479240000,4765.25000000
1636479300000,1636479300000,4764.07000000
1636479360000,1636479360000,4764.07000000
1636479420000,1636479420000,4765.80000000
1636479480000,1636479480000,4765.66000000
1636479540000,1636479540000,4768.94000000
1636479600000,1636479600000,4770.38000000
1636479660000,1636479660000,4770.20000000
1636479720000,1636479720000,4775.11000000
1636479780000,1636479780000,4777.48000000
1636479840000,1636479840000,4776.15000000
1636479900000,1636479900000,4780.48000000
1636479960000,1636479960000,4776.84000000
1636480020000,1636480020000,4775.34000000
1636480080000,1636480080000,4773.10000000
1636480140000,1636480140000,4771.12000000
1636480200000,1636480200000,4774.17000000
1636480260000,1636480260000,4782.77000000
1636480320000,1636480320000,4778.26000000
1636480380000,1636480380000,4778.26000000
1636480440000,1636480440000,4783.41000000
1636480500000,1636480500000,4782.20000000
1636480560000,1636480560000,4779.37000000
1636480620000,1636480620000,4778.09000000
1636480680000,1636480680000,4776.15000000
1636480740000,1636480740000,4773.95000000
1636480800000,1636480800000,4775.62000000
1636480860000,1636480860000,4778.84000000
1636480920000,1636480920000,4778.84000000
1636480980000,1636480980000,4778.19000000
1636481040000,1636481040000,4779.93000000
1636481100000,1636481100000,4780.71000000
1636481160000,1636481160000,4782.57000000
1636481220000,1636481220000,4782.57000000
1636481280000,1636481280000,4782.57000000
1636481340000,1636481340000,4788.99000000
1636481400000,1636481400000,4791.47000000
1636481460000,1636481460000,4791.26000000
1636481520000,1636481520000,4791.18000000
1636481580000,1636481580000,4784.77000000
1636481640000,1636481640000,4784.03000000
1636481700000,1636481700000,4779.30000000
1636481760000,1636481760000,4775.38000000
1636481820000,1636481820000,4778.72000000
1636481880000,1636481880000,4780.46000000
1636481940000,1636481940000,4781.00000000
1636482000000,1636482000000,4780.20000000
1636482060000,1636482060000,4780.20000000
1636482120000,1636482120000,4781.85000000
1636482180000,1636482180000,4778.77000000
1636482240000,1636482240000,4774.57000000
1636482300000,1636482300000,4775.84000000
1636482360000,1636482360000,4772.15000000
1636482420000,1636482420000,4774.92000000
1636482480000,1636482480000,4763.80000000
1636482540000,1636482540000,4761.83000000
1636482600000,1636482600000,4764.77000000
1636482660000,1636482660000,4766.22000000
1636482720000,1636482720000,4765.26000000
1636482780000,1636482780000,4765.26000000
1636482840000,1636482840000,4769.40000000
1636482900000,1636482900000,4769.40000000
1636482960000,1636482960000,4769.10000000
1636483020000,1636483020000,4770.84000000
1636483080000,1636483080000,4766.79000000
1636483140000,1636483140000,4766.96000000
1636483200000,1636483200000,4766.96000000
1636483260000,1636483260000,4764.06000000
1636483320000,1636483320000,4761.37000000
1636483380000,1636483380000,4762.00000000
1636483440000,1636483440000,4762.00000000
1636483500000,1636483500000,4761.77000000
1636483560000,1636483560000,4761.77000000
1636483620000,1636483620000,4758.65000000
1636483680000,1636483680000,4758.15000000
1636483740000,1636483740000,4756.76000000
1636483800000,1636483800000,4754.00000000
1636483860000,1636483860000,4752.36000000
1636483920000,1636483920000,4752.37000000
1636483980000,1636483980000,4751.44000000
1636484040000,1636484040000,4752.44000000
1636484100000,1636484100000,4752.44000000
1636484160000,1636484160000,4745.97000000
1636484220000,1636484220000,4745.60000000
1636484280000,1636484280000,4745.69000000
1636484340000,1636484340000,4744.00000000
1636484400000,1636484400000,4743.80000000
1636484460000,1636484460000,4743.80000000
1636484520000,1636484520000,4745.80000000
1636484580000,1636484580000,4745.80000000
1636484640000,1636484640000,4741.23000000
1636484700000,1636484700000,4740.18000000
1636484760000,1636484760000,4739.92000000
1636484820000,1636484820000,4731.36000000
1636484880000,1636484880000,4729.68000000
1636484940000,1636484940000,4720.00000000
1636485000000,1636485000000,4716.79000000
1636485060000,1636485060000,4714.69000000
1636485120000,1636485120000,4719.41000000
1636485180000,1636485180000,4714.71000000
1636485240000,1636485240000,4719.31000000
1636485300000,1636485300000,4732.58000000
1636485360000,1636485360000,4730.46000000
1636485420000,1636485420000,4725.69000000
1636485480000,1636485480000,4733.57000000
1636485540000,1636485540000,4730.44000000
1636485600000,1636485600000,4729.49000000
1636485660000,1636485660000,4730.07000000
1636485720000,1636485720000,4731.35000000
1636485780000,1636485780000,4731.35000000
1636485840000,1636485840000,4731.35000000
1636485900000,1636485900000,4735.73000000
1636485960000,1636485960000,4742.26000000
1636486020000,1636486020000,4740.00000000
1636486080000,1636486080000,4740.00000000
1636486140000,1636486140000,4733.58000000
1636486200000,1636486200000,4730.57000000
1636486260000,1636486260000,4728.17000000
1636486320000,1636486320000,4729.47000000
1636486380000,1636486380000,4725.29000000
1636486440000,1636486440000,4730.20000000
1636486500000,1636486500000,4730.20000000
1636486560000,1636486560000,4727.88000000
1636486620000,1636486620000,4730.14000000
1636486680000,1636486680000,4726.93000000
1636486740000,1636486740000,4725.37000000
1636486800000,1636486800000,4725.37000000
1636486860000,1636486860000,4725.37000000
1636486920000,1636486920000,4730.74000000
1636486980000,1636486980000,4738.41000000
1636487040000,1636487040000,4737.50000000
1636487100000,1636487100000,4742.62000000
1636487160000,1636487160000,4742.62000000
1636487220000,1636487220000,4741.92000000
1636487280000,1636487280000,4742.90000000
1636487340000,1636487340000,4744.23000000
1636487400000,1636487400000,4742.14000000
1636487460000,1636487460000,4744.58000000
1636487520000,1636487520000,4744.42000000
1636487580000,1636487580000,4744.18000000
1636487640000,1636487640000,4744.06000000
1636487700000,1636487700000,4744.91000000
1636487760000,1636487760000,4745.17000000
1636487820000,1636487820000,4745.17000000
1636487880000,1636487880000,4747.18000000
1636487940000,1636487940000,4749.83000000
1636488000000,1636488000000,4747.26000000
1636488060000,1636488060000,4750.31000000
1636488120000,1636488120000,4746.62000000
1636488180000,1636488180000,4748.11000000
1636488240000,1636488240000,4743.22000000
1636488300000,1636488300000,4748.61000000
1636488360000,1636488360000,4745.26000000
1636488420000,1636488420000,4744.39000000
1636488480000,1636488480000,4742.68000000
1636488540000,1636488540000,4744.60000000
1636488600000,1636488600000,4744.60000000
1636488660000,1636488660000,4744.60000000
1636488720000,1636488720000,4742.97000000
1636488780000,1636488780000,4740.01000000
1636488840000,1636488840000,4735.22000000
1636488900000,1636488900000,4737.80000000
1636488960000,1636488960000,4739.33000000
1636489020000,1636489020000,4738.22000000
1636489080000,1636489080000,4736.18000000
1636489140000,1636489140000,4734.17000000
1636489200000,1636489200000,4734.17000000
1636489260000,1636489260000,4741.18000000
1636489320000,1636489320000,4743.60000000
1636489380000,1636489380000,4753.36000000
1636489440000,1636489440000,4757.27000000
1636489500000,1636489500000,4757.39000000
1636489560000,1636489560000,4751.96000000
1636489620000,1636489620000,4751.96000000
1636489680000,1636489680000,4751.96000000
1636489740000,1636489740000,4751.96000000
1636489800000,1636489800000,4751.96000000
1636489860000,1636489860000,4751.96000000
1636489920000,1636489920000,4748.74000000
1636489980000,1636489980000,4743.57000000
1636490040000,1636490040000,4743.57000000
1636490100000,1636490100000,4748.13000000
1636490160000,1636490160000,4749.36000000
1636490220000,1636490220000,4753.56000000
1636490280000,1636490280000,4753.44000000
1636490340000,1636490340000,4753.44000000
1636490400000,1636490400000,4756.45000000
1636490460000,1636490460000,4756.45000000
1636490520000,1636490520000,4770.54000000
1636490580000,1636490580000,4772.09000000
1636490640000,1636490640000,4770.00000000
1636490700000,1636490700000,4766.91000000
1636490760000,1636490760000,4766.34000000
1636490820000,1636490820000,4764.51000000
1636490880000,1636490880000,4764.51000000
1636490940000,1636490940000,4759.13000000
1636491000000,1636491000000,4759.13000000
1636491060000,1636491060000,4759.13000000
1636491120000,1636491120000,4768.38000000
1636491180000,1636491180000,4770.68000000
1636491240000,1636491240000,4768.47000000
1636491300000,1636491300000,4772.13000000
1636491360000,1636491360000,4775.08000000
1636491420000,1636491420000,4775.59000000
1636491480000,1636491480000,4775.42000000
1636491540000,1636491540000,4775.42000000
1636491600000,1636491600000,4768.50000000
1636491660000,1636491660000,4768.50000000
1636491720000,1636491720000,4768.50000000
1636491780000,1636491780000,4777.39000000
1636491840000,1636491840000,4779.56000000
1636491900000,1636491900000,4777.98000000
1636491960000,1636491960000,4777.81000000
1636492020000,1636492020000,4777.81000000
1636492080000,1636492080000,4781.14000000
1636492140000,1636492140000,4780.69000000
1636492200000,1636492200000,4776.17000000
1636492260000,1636492260000,4782.32000000
1636492320000,1636492320000,4782.32000000
1636492380000,1636492380000,4781.73000000
1636492440000,1636492440000,4783.74000000
1636492500000,1636492500000,4777.19000000
1636492560000,1636492560000,4777.18000000
1636492620000,1636492620000,4773.45000000
1636492680000,1636492680000,4774.62000000
1636492740000,1636492740000,4773.28000000
1636492800000,1636492800000,4773.28000000
1636492860000,1636492860000,4773.28000000
1636492920000,1636492920000,4773.94000000
1636492980000,1636492980000,4773.94000000
1636493040000,1636493040000,4773.94000000
1636493100000,1636493100000,4773.93000000
1636493160000,1636493160000,4771.96000000
1636493220000,1636493220000,4768.50000000
1636493280000,1636493280000,4768.50000000
1636493340000,1636493340000,4768.50000000
1636493400000,1636493400000,4766.48000000
1636493460000,1636493460000,4766.48000000
1636493520000,1636493520000,4765.27000000
1636493580000,1636493580000,4771.96000000
1636493640000,1636493640000,4771.96000000
1636493700000,1636493700000,4773.28000000
1636493760000,1636493760000,4774.49000000
1636493820000,1636493820000,4775.65000000
1636493880000,1636493880000,4780.16000000
1636493940000,1636493940000,4776.93000000
1636494000000,1636494000000,4775.80000000
1636494060000,1636494060000,4777.87000000
1636494120000,1636494120000,4781.75000000
1636494180000,1636494180000,4781.75000000
1636494240000,1636494240000,4783.39000000
1636494300000,1636494300000,4781.34000000
1636494360000,1636494360000,4781.34000000
1636494420000,1636494420000,4782.83000000
1636494480000,1636494480000,4783.07000000
1636494540000,1636494540000,4783.72000000
1636494600000,1636494600000,4783.85000000
1636494660000,1636494660000,4783.86000000
1636494720000,1636494720000,4787.17000000
1636494780000,1636494780000,4787.49000000
1636494840000,1636494840000,4786.69000000
1636494900000,1636494900000,4790.64000000
1636494960000,1636494960000,4797.53000000
1636495020000,1636495020000,4793.02000000
1636495080000,1636495080000,4799.61000000
1636495140000,1636495140000,4797.72000000
1636495200000,1636495200000,4790.83000000
1636495260000,1636495260000,4793.84000000
1636495320000,1636495320000,4793.84000000
1636495380000,1636495380000,4793.84000000
1636495440000,1636495440000,4793.84000000
1636495500000,1636495500000,4791.50000000
1636495560000,1636495560000,4789.38000000
1636495620000,1636495620000,4789.15000000
1636495680000,1636495680000,4789.15000000
1636495740000,1636495740000,4790.61000000
1636495800000,1636495800000,4788.02000000
1636495860000,1636495860000,4788.43000000
1636495920000,1636495920000,4786.91000000
1636495980000,1636495980000,4778.88000000
1636496040000,1636496040000,4780.00000000
1636496100000,1636496100000,4778.70000000
1636496160000,1636496160000,4781.16000000
1636496220000,1636496220000,4777.51000000
1636496280000,1636496280000,4775.76000000
1636496340000,1636496340000,4772.79000000
1636496400000,1636496400000,4765.82000000
1636496460000,1636496460000,4765.50000000
1636496520000,1636496520000,4769.94000000
1636496580000,1636496580000,4777.02000000
1636496640000,1636496640000,4770.49000000
1636496700000,1636496700000,4758.93000000
1636496760000,1636496760000,4758.93000000
1636496820000,1636496820000,4754.69000000
1636496880000,1636496880000,4750.10000000
1636496940000,1636496940000,4750.87000000
1636497000000,1636497000000,4747.27000000
1636497060000,1636497060000,4747.27000000
1636497120000,1636497120000,4763.85000000
1636497180000,1636497180000,4766.26000000
1636497240000,1636497240000,4766.26000000
1636497300000,1636497300000,4766.26000000
1636497360000,1636497360000,4766.26000000
1636497420000,1636497420000,4766.26000000
1636497480000,1636497480000,4761.06000000
1636497540000,1636497540000,4764.47000000
1636497600000,1636497600000,4764.47000000
1636497660000,1636497660000,4764.47000000
1636497720000,1636497720000,4764.47000000
1636497780000,1636497780000,4764.47000000
1636497840000,1636497840000,4758.62000000
1636497900000,1636497900000,4774.96000000
1636497960000,1636497960000,4770.50000000
1636498020000,1636498020000,4770.50000000
1636498080000,1636498080000,4765.65000000
1636498140000,1636498140000,4770.39000000
1636498200000,1636498200000,4770.39000000
1636498260000,1636498260000,4757.41000000
1636498320000,1636498320000,4757.41000000
1636498380000,1636498380000,4757.41000000
1636498440000,1636498440000,4764.63000000
1636498500000,1636498500000,4764.22000000
1636498560000,1636498560000,4756.76000000
1636498620000,1636498620000,4756.76000000
1636498680000,1636498680000,4763.88000000
1636498740000,1636498740000,4754.05000000
1636498800000,1636498800000,4762.34000000
1636498860000,1636498860000,4762.34000000
1636498920000,1636498920000,4762.34000000
1636498980000,1636498980000,4754.49000000
1636499040000,1636499040000,4752.01000000
1636499100000,1636499100000,4757.37000000
1636499160000,1636499160000,4757.37000000
1636499220000,1636499220000,4743.93000000
1636499280000,1636499280000,4744.95000000
1636499340000,1636499340000,4744.95000000
1636499400000,1636499400000,4743.43000000
1636499460000,1636499460000,4746.75000000
1636499520000,1636499520000,4743.43000000
1636499580000,1636499580000,4744.95000000
1636499640000,1636499640000,4744.46000000
1636499700000,1636499700000,4748.66000000
1636499760000,1636499760000,4748.34000000
1636499820000,1636499820000,4748.85000000
1636499880000,1636499880000,4747.87000000
1636499940000,1636499940000,4746.61000000
1636500000000,1636500000000,4749.40000000
1636500060000,1636500060000,4748.08000000
1636500120000,1636500120000,4749.38000000
1636500180000,1636500180000,4743.40000000
1636500240000,1636500240000,4747.65000000
1636500300000,1636500300000,4745.55000000
1636500360000,1636500360000,4743.00000000
1636500420000,1636500420000,4744.97000000
1636500480000,1636500480000,4744.79000000
1636500540000,1636500540000,4744.79000000
1636500600000,1636500600000,4744.79000000
1636500660000,1636500660000,4744.53000000
1636500720000,1636500720000,4744.53000000
1636500780000,1636500780000,4742.33000000
1636500840000,1636500840000,4738.51000000
1636500900000,1636500900000,4731.31000000
1636500960000,1636500960000,4725.38000000
1636501020000,1636501020000,4725.10000000
1636501080000,1636501080000,4729.37000000
1636501140000,1636501140000,4729.30000000
1636501200000,1636501200000,4732.90000000
1636501260000,1636501260000,4732.43000000
1636501320000,1636501320000,4735.96000000
1636501380000,1636501380000,4738.07000000
1636501440000,1636501440000,4738.07000000
1636501500000,1636501500000,4735.10000000
1636501560000,1636501560000,4733.00000000
1636501620000,1636501620000,4733.00000000
1636501680000,1636501680000,4731.10000000
1636501740000,1636501740000,4727.06000000
1636501800000,1636501800000,4723.91000000
1636501860000,1636501860000,4719.32000000
1636501920000,1636501920000,4724.88000000
1636501980000,1636501980000,4728.62000000
1636502040000,1636502040000,4728.62000000
1636502100000,1636502100000,4735.01000000
1636502160000,1636502160000,4735.68000000
1636502220000,1636502220000,4736.16000000
1636502280000,1636502280000,4736.16000000
1636502340000,1636502340000,4730.81000000
1636502400000,1636502400000,4730.81000000
1636502460000,1636502460000,4735.07000000
1636502520000,1636502520000,4740.35000000
1636502580000,1636502580000,4736.15000000
1636502640000,1636502640000,4740.85000000
1636502700000,1636502700000,4738.61000000
1636502760000,1636502760000,4743.96000000
1636502820000,1636502820000,4752.51000000
1636502880000,1636502880000,4743.38000000
1636502940000,1636502940000,4734.67000000
1636503000000,1636503000000,4731.27000000
1636503060000,1636503060000,4730.04000000
1636503120000,1636503120000,4724.86000000
1636503180000,1636503180000,4726.84000000
1636503240000,1636503240000,4745.73000000
1636503300000,1636503300000,4754.05000000
1636503360000,1636503360000,4751.57000000
1636503420000,1636503420000,4749.46000000
1636503480000,1636503480000,4749.79000000
1636503540000,1636503540000,4748.93000000
1636503600000,1636503600000,4748.29000000
1636503660000,1636503660000,4744.49000000
1636503720000,1636503720000,4743.99000000
1636503780000,1636503780000,4735.64000000
1636503840000,1636503840000,4735.64000000
1636503900000,1636503900000,4742.46000000
1636503960000,1636503960000,4745.26000000
1636504020000,1636504020000,4743.64000000
1636504080000,1636504080000,4743.64000000
1636504140000,1636504140000,4749.31000000
1636504200000,1636504200000,4747.49000000
1636504260000,1636504260000,4747.49000000
1636504320000,1636504320000,4746.41000000
1636504380000,1636504380000,4744.26000000
1636504440000,1636504440000,4741.66000000
1636504500000,1636504500000,4740.30000000
1636504560000,1636504560000,4736.03000000
1636504620000,1636504620000,4732.58000000
1636504680000,1636504680000,4731.54000000
1636504740000,1636504740000,4728.58000000
1636504800000,1636504800000,4732.20000000
1636504860000,1636504860000,4732.20000000
1636504920000,1636504920000,4724.86000000
1636504980000,1636504980000,4723.16000000
1636505040000,1636505040000,4723.16000000
1636505100000,1636505100000,4716.95000000
1636505160000,1636505160000,4717.33000000
1636505220000,1636505220000,4718.19000000
1636505280000,1636505280000,4704.54000000
1636505340000,1636505340000,4705.67000000
1636505400000,1636505400000,4709.95000000
1636505460000,1636505460000,4709.95000000
1636505520000,1636505520000,4712.84000000
1636505580000,1636505580000,4718.71000000
1636505640000,1636505640000,4722.78000000
1636505700000,1636505700000,4725.94000000
1636505760000,1636505760000,4721.36000000
1636505820000,1636505820000,4721.72000000
1636505880000,1636505880000,4721.72000000
1636505940000,1636505940000,4722.00000000
1636506000000,1636506000000,4717.91000000
1636506060000,1636506060000,4713.16000000
1636506120000,1636506120000,4713.84000000
1636506180000,1636506180000,4715.76000000
1636506240000,1636506240000,4716.22000000
1636506300000,1636506300000,4722.31000000
1636506360000,1636506360000,4722.74000000
1636506420000,1636506420000,4725.52000000
1636506480000,1636506480000,4730.74000000
1636506540000,1636506540000,4731.18000000
1636506600000,1636506600000,4733.86000000
1636506660000,1636506660000,4736.74000000
1636506720000,1636506720000,4732.02000000
1636506780000,1636506780000,4735.95000000
1636506840000,1636506840000,4735.95000000
1636506900000,1636506900000,4733.81000000
1636506960000,1636506960000,4731.55000000
1636507020000,1636507020000,4731.02000000
1636507080000,1636507080000,4729.86000000
1636507140000,1636507140000,4730.85000000
1636507200000,1636507200000,4732.04000000
1636507260000,1636507260000,4732.04000000
1636507320000,1636507320000,4729.28000000
1636507380000,1636507380000,4729.28000000
1636507440000,1636507440000,4727.32000000
1636507500000,1636507500000,4728.22000000
1636507560000,1636507560000,4729.39000000
1636507620000,1636507620000,4729.39000000
1636507680000,1636507680000,4729.81000000
1636507740000,1636507740000,4739.64000000
1636507800000,1636507800000,4738.79000000
1636507860000,1636507860000,4733.41000000
1636507920000,1636507920000,4729.81000000
1636507980000,1636507980000,4729.81000000
1636508040000,1636508040000,4737.19000000
1636508100000,1636508100000,4737.19000000
1636508160000,1636508160000,4741.93000000
1636508220000,1636508220000,4741.93000000
1636508280000,1636508280000,4742.26000000
1636508340000,1636508340000,4742.35000000
1636508400000,1636508400000,4742.35000000
1636508460000,1636508460000,4742.76000000
1636508520000,1636508520000,4742.76000000
1636508580000,1636508580000,4742.76000000
1636508640000,1636508640000,4741.28000000
1636508700000,1636508700000,4739.62000000
1636508760000,1636508760000,4736.80000000
1636508820000,1636508820000,4736.80000000
1636508880000,1636508880000,4728.85000000
1636508940000,1636508940000,4729.79000000
1636509000000,1636509000000,4726.71000000
1636509060000,1636509060000,4722.20000000
1636509120000,1636509120000,4721.82000000
1636509180000,1636509180000,4723.81000000
1636509240000,1636509240000,4722.36000000
1636509300000,1636509300000,4725.19000000
1636509360000,1636509360000,4723.11000000
1636509420000,1636509420000,4727.03000000
1636509480000,1636509480000,4729.69000000
1636509540000,1636509540000,4729.95000000
1636509600000,1636509600000,4729.95000000
1636509660000,1636509660000,4729.95000000
1636509720000,1636509720000,4730.00000000
1636509780000,1636509780000,4730.00000000
1636509840000,1636509840000,4738.66000000
1636509900000,1636509900000,4737.37000000
1636509960000,1636509960000,4739.28000000
1636510020000,1636510020000,4739.28000000
1636510080000,1636510080000,4739.28000000
1636510140000,1636510140000,4739.92000000
1636510200000,1636510200000,4742.26000000
1636510260000,1636510260000,4742.42000000
1636510320000,1636510320000,4743.61000000
1636510380000,1636510380000,4744.83000000
1636510440000,1636510440000,4744.83000000
1636510500000,1636510500000,4744.97000000
1636510560000,1636510560000,4742.11000000
1636510620000,1636510620000,4742.33000000
1636510680000,1636510680000,4739.66000000
1636510740000,1636510740000,4740.38000000
1636510800000,1636510800000,4739.87000000
1636510860000,1636510860000,4745.02000000
1636510920000,1636510920000,4749.79000000
1636510980000,1636510980000,4747.18000000
1636511040000,1636511040000,4749.88000000
1636511100000,1636511100000,4750.83000000
1636511160000,1636511160000,4749.06000000
1636511220000,1636511220000,4749.68000000
1636511280000,1636511280000,4747.56000000
1636511340000,1636511340000,4747.56000000
1636511400000,1636511400000,4747.55000000
1636511460000,1636511460000,4745.17000000
1636511520000,1636511520000,4745.18000000
1636511580000,1636511580000,4746.12000000
1636511640000,1636511640000,4742.39000000
1636511700000,1636511700000,4740.91000000
1636511760000,1636511760000,4739.47000000
1636511820000,1636511820000,4739.47000000
1636511880000,1636511880000,4738.43000000
1636511940000,1636511940000,4738.23000000
1636512000000,1636512000000,4734.58000000
1636512060000,1636512060000,4734.58000000
1636512120000,1636512120000,4732.58000000
1636512180000,1636512180000,4732.58000000
1636512240000,1636512240000,4729.16000000
1636512300000,1636512300000,4729.16000000
1636512360000,1636512360000,4732.56000000
1636512420000,1636512420000,4732.86000000
1636512480000,1636512480000,4735.71000000
1636512540000,1636512540000,4736.26000000
1636512600000,1636512600000,4734.12000000
1636512660000,1636512660000,4734.12000000
1636512720000,1636512720000,4734.12000000
1636512780000,1636512780000,4734.12000000
1636512840000,1636512840000,4735.02000000
1636512900000,1636512900000,4735.54000000
1636512960000,1636512960000,4736.27000000
1636513020000,1636513020000,4736.27000000
1636513080000,1636513080000,4736.27000000
1636513140000,1636513140000,4737.59000000
1636513200000,1636513200000,4732.44000000
1636513260000,1636513260000,4732.41000000
1636513320000,1636513320000,4728.63000000
1636513380000,1636513380000,4724.84000000
1636513440000,1636513440000,4722.41000000
1636513500000,1636513500000,4723.51000000
1636513560000,1636513560000,4728.91000000
1636513620000,1636513620000,4726.28000000
1636513680000,1636513680000,4723.68000000
1636513740000,1636513740000,4721.04000000
1636513800000,1636513800000,4720.52000000
1636513860000,1636513860000,4720.52000000
1636513920000,1636513920000,4720.52000000
1636513980000,1636513980000,4723.74000000
1636514040000,1636514040000,4720.52000000
1636514100000,1636514100000,4716.82000000
1636514160000,1636514160000,4716.01000000
1636514220000,1636514220000,4712.94000000
1636514280000,1636514280000,4713.17000000
1636514340000,1636514340000,4705.31000000
1636514400000,1636514400000,4711.16000000
1636514460000,1636514460000,4709.71000000
1636514520000,1636514520000,4703.56000000
1636514580000,1636514580000,4706.08000000
1636514640000,1636514640000,4705.33000000
1636514700000,1636514700000,4706.25000000
1636514760000,1636514760000,4706.25000000
1636514820000,1636514820000,4702.50000000
1636514880000,1636514880000,4692.85000000
1636514940000,1636514940000,4691.01000000
1636515000000,1636515000000,4691.85000000
1636515060000,1636515060000,4699.52000000
1636515120000,1636515120000,4704.03000000
1636515180000,1636515180000,4703.95000000
1636515240000,1636515240000,4703.95000000
1636515300000,1636515300000,4701.78000000
1636515360000,1636515360000,4688.59000000
1636515420000,1636515420000,4687.47000000
1636515480000,1636515480000,4686.95000000
1636515540000,1636515540000,4686.33000000
1636515600000,1636515600000,4683.31000000
1636515660000,1636515660000,4684.31000000
1636515720000,1636515720000,4682.63000000
1636515780000,1636515780000,4682.63000000
1636515840000,1636515840000,4678.99000000
1636515900000,1636515900000,4680.51000000
1636515960000,1636515960000,4683.62000000
1636516020000,1636516020000,4682.53000000
1636516080000,1636516080000,4684.13000000
1636516140000,1636516140000,4684.13000000
1636516200000,1636516200000,4690.71000000
1636516260000,1636516260000,4689.54000000
1636516320000,1636516320000,4691.18000000
1636516380000,1636516380000,4690.04000000
1636516440000,1636516440000,4689.84000000
1636516500000,1636516500000,4683.41000000
1636516560000,1636516560000,4683.41000000
1636516620000,1636516620000,4687.11000000
1636516680000,1636516680000,4690.50000000
1636516740000,1636516740000,4689.49000000
1636516800000,1636516800000,4688.68000000
1636516860000,1636516860000,4682.66000000
1636516920000,1636516920000,4680.28000000
1636516980000,1636516980000,4681.28000000
1636517040000,1636517040000,4678.93000000
1636517100000,1636517100000,4689.04000000
1636517160000,1636517160000,4690.22000000
1636517220000,1636517220000,4688.29000000
1636517280000,1636517280000,4686.15000000
1636517340000,1636517340000,4685.22000000
1636517400000,1636517400000,4686.42000000
1636517460000,1636517460000,4686.49000000
1636517520000,1636517520000,4681.00000000
1636517580000,1636517580000,4681.00000000
1636517640000,1636517640000,4681.03000000
1636517700000,1636517700000,4680.00000000
1636517760000,1636517760000,4684.45000000
1636517820000,1636517820000,4684.45000000
1636517880000,1636517880000,4684.45000000
1636517940000,1636517940000,4686.54000000
1636518000000,1636518000000,4686.54000000
1636518060000,1636518060000,4686.54000000
1636518120000,1636518120000,4686.54000000
1636518180000,1636518180000,4691.72000000
1636518240000,1636518240000,4691.72000000
1636518300000,1636518300000,4700.49000000
1636518360000,1636518360000,4702.63000000
1636518420000,1636518420000,4700.80000000
1636518480000,1636518480000,4696.31000000
1636518540000,1636518540000,4696.31000000
1636518600000,1636518600000,4696.04000000
1636518660000,1636518660000,4702.54000000
1636518720000,1636518720000,4701.28000000
1636518780000,1636518780000,4701.30000000
1636518840000,1636518840000,4701.02000000
1636518900000,1636518900000,4700.25000000
1636518960000,1636518960000,4703.55000000
1636519020000,1636519020000,4705.54000000
1636519080000,1636519080000,4707.91000000
1636519140000,1636519140000,4706.83000000
1636519200000,1636519200000,4710.16000000
1636519260000,1636519260000,4708.48000000
1636519320000,1636519320000,4711.72000000
1636519380000,1636519380000,4714.44000000
1636519440000,1636519440000,4711.07000000
1636519500000,1636519500000,4707.91000000
1636519560000,1636519560000,4707.38000000
1636519620000,1636519620000,4707.38000000
1636519680000,1636519680000,4711.72000000
1636519740000,1636519740000,4711.72000000
1636519800000,1636519800000,4711.72000000
1636519860000,1636519860000,4714.63000000
1636519920000,1636519920000,4715.10000000
1636519980000,1636519980000,4715.00000000
1636520040000,1636520040000,4715.56000000
1636520100000,1636520100000,4715.56000000
1636520160000,1636520160000,4714.64000000
1636520220000,1636520220000,4715.33000000
1636520280000,1636520280000,4716.04000000
1636520340000,1636520340000,4716.04000000
1636520400000,1636520400000,4714.29000000
1636520460000,1636520460000,4712.33000000
1636520520000,1636520520000,4712.37000000
1636520580000,1636520580000,4712.37000000
1636520640000,1636520640000,4707.38000000
1636520700000,1636520700000,4707.36000000
1636520760000,1636520760000,4701.19000000
1636520820000,1636520820000,4701.19000000
1636520880000,1636520880000,4701.19000000
1636520940000,1636520940000,4698.78000000
1636521000000,1636521000000,4698.40000000
1636521060000,1636521060000,4698.40000000
1636521120000,1636521120000,4698.40000000
1636521180000,1636521180000,4698.76000000
1636521240000,1636521240000,4698.12000000
1636521300000,1636521300000,4698.75000000
1636521360000,1636521360000,4701.35000000
1636521420000,1636521420000,4705.67000000
1636521480000,1636521480000,4705.67000000
1636521540000,1636521540000,4710.92000000
1636521600000,1636521600000,4708.85000000
1636521660000,1636521660000,4712.84000000
1636521720000,1636521720000,4706.41000000
1636521780000,1636521780000,4706.41000000
1636521840000,1636521840000,4703.02000000
1636521900000,1636521900000,4708.85000000
1636521960000,1636521960000,4708.85000000
1636522020000,1636522020000,4708.85000000
1636522080000,1636522080000,4709.14000000
1636522140000,1636522140000,4709.14000000
1636522200000,1636522200000,4711.44000000
1636522260000,1636522260000,4711.44000000
1636522320000,1636522320000,4711.44000000
1636522380000,1636522380000,4708.00000000
1636522440000,1636522440000,4706.88000000
1636522500000,1636522500000,4706.45000000
1636522560000,1636522560000,4706.88000000
1636522620000,1636522620000,4708.00000000
1636522680000,1636522680000,4708.00000000
1636522740000,1636522740000,4707.38000000
1636522800000,1636522800000,4707.38000000
1636522860000,1636522860000,4709.12000000
1636522920000,1636522920000,4709.12000000
1636522980000,1636522980000,4706.20000000
1636523040000,1636523040000,4705.22000000
1636523100000,1636523100000,4705.61000000
1636523160000,1636523160000,4702.80000000
1636523220000,1636523220000,4702.80000000
1636523280000,1636523280000,4708.70000000
1636523340000,1636523340000,4708.18000000
1636523400000,1636523400000,4708.80000000
1636523460000,1636523460000,4708.80000000
1636523520000,1636523520000,4708.80000000
1636523580000,1636523580000,4708.80000000
1636523640000,1636523640000,4708.80000000
1636523700000,1636523700000,4708.80000000
1636523760000,1636523760000,4706.68000000
1636523820000,1636523820000,4706.68000000
1636523880000,1636523880000,4705.39000000
1636523940000,1636523940000,4703.50000000
1636524000000,1636524000000,4703.50000000
1636524060000,1636524060000,4700.56000000
1636524120000,1636524120000,4700.81000000
1636524180000,1636524180000,4700.57000000
1636524240000,1636524240000,4697.58000000
1636524300000,1636524300000,4703.50000000
1636524360000,1636524360000,4703.50000000
1636524420000,1636524420000,4703.22000000
1636524480000,1636524480000,4705.44000000
1636524540000,1636524540000,4708.87000000
1636524600000,1636524600000,4709.06000000
1636524660000,1636524660000,4711.94000000
1636524720000,1636524720000,4711.94000000
1636524780000,1636524780000,4713.25000000
1636524840000,1636524840000,4714.86000000
1636524900000,1636524900000,4712.25000000
1636524960000,1636524960000,4714.76000000
1636525020000,1636525020000,4714.85000000
1636525080000,1636525080000,4714.85000000
1636525140000,1636525140000,4715.26000000
1636525200000,1636525200000,4714.85000000
1636525260000,1636525260000,4714.82000000
1636525320000,1636525320000,4712.25000000
1636525380000,1636525380000,4707.57000000
1636525440000,1636525440000,4707.52000000
1636525500000,1636525500000,4703.61000000
1636525560000,1636525560000,4707.97000000
1636525620000,1636525620000,4707.97000000
1636525680000,1636525680000,4707.97000000
1636525740000,1636525740000,4707.85000000
1636525800000,1636525800000,4707.85000000
1636525860000,1636525860000,4706.43000000
1636525920000,1636525920000,4706.43000000
1636525980000,1636525980000,4706.07000000
1636526040000,1636526040000,4706.07000000
1636526100000,1636526100000,4711.03000000
1636526160000,1636526160000,4711.03000000
1636526220000,1636526220000,4711.03000000
1636526280000,1636526280000,4711.03000000
1636526340000,1636526340000,4711.03000000
1636526400000,1636526400000,4714.51000000
1636526460000,1636526460000,4713.23000000
1636526520000,1636526520000,4713.23000000
1636526580000,1636526580000,4713.44000000
1636526640000,1636526640000,4711.88000000
1636526700000,1636526700000,4714.00000000
1636526760000,1636526760000,4718.52000000
1636526820000,1636526820000,4721.42000000
1636526880000,1636526880000,4722.41000000
1636526940000,1636526940000,4722.41000000
1636527000000,1636527000000,4728.12000000
1636527060000,1636527060000,4732.73000000
1636527120000,1636527120000,4735.34000000
1636527180000,1636527180000,4736.84000000
1636527240000,1636527240000,4736.84000000
1636527300000,1636527300000,4737.50000000
1636527360000,1636527360000,4737.50000000
1636527420000,1636527420000,4738.86000000
1636527480000,1636527480000,4739.15000000
1636527540000,1636527540000,4739.92000000
1636527600000,1636527600000,4742.21000000
1636527660000,1636527660000,4738.31000000
1636527720000,1636527720000,4738.31000000
1636527780000,1636527780000,4734.21000000
1636527840000,1636527840000,4734.21000000
1636527900000,1636527900000,4734.21000000
1636527960000,1636527960000,4731.32000000
1636528020000,1636528020000,4731.01000000
1636528080000,1636528080000,4730.04000000
1636528140000,1636528140000,4733.29000000
1636528200000,1636528200000,4731.93000000
1636528260000,1636528260000,4732.46000000
1636528320000,1636528320000,4732.46000000
1636528380000,1636528380000,4732.46000000
1636528440000,1636528440000,4732.46000000
1636528500000,1636528500000,4732.46000000
1636528560000,1636528560000,4724.86000000
1636528620000,1636528620000,4726.62000000
1636528680000,1636528680000,4726.62000000
1636528740000,1636528740000,4731.43000000
1636528800000,1636528800000,4732.84000000
1636528860000,1636528860000,4732.84000000
1636528920000,1636528920000,4732.84000000
1636528980000,1636528980000,4732.84000000
1636529040000,1636529040000,4732.84000000
1636529100000,1636529100000,4735.93000000
1636529160000,1636529160000,4735.93000000
1636529220000,1636529220000,4735.93000000
1636529280000,1636529280000,4735.93000000
1636529340000,1636529340000,4737.04000000
1636529400000,1636529400000,4735.00000000
1636529460000,1636529460000,4735.00000000
1636529520000,1636529520000,4735.45000000
1636529580000,1636529580000,4733.80000000
1636529640000,1636529640000,4737.33000000
1636529700000,1636529700000,4735.06000000
1636529760000,1636529760000,4727.45000000
1636529820000,1636529820000,4727.45000000
1636529880000,1636529880000,4720.95000000
1636529940000,1636529940000,4718.76000000
1636530000000,1636530000000,4719.66000000
1636530060000,1636530060000,4716.92000000
1636530120000,1636530120000,4720.06000000
1636530180000,1636530180000,4720.06000000
1636530240000,1636530240000,4715.38000000
1636530300000,1636530300000,4715.40000000
1636530360000,1636530360000,4715.40000000
1636530420000,1636530420000,4715.40000000
1636530480000,1636530480000,4723.82000000
1636530540000,1636530540000,4723.82000000
1636530600000,1636530600000,4723.82000000
1636530660000,1636530660000,4723.82000000
1636530720000,1636530720000,4725.50000000
1636530780000,1636530780000,4725.50000000
1636530840000,1636530840000,4723.50000000
1636530900000,1636530900000,4715.38000000
1636530960000,1636530960000,4715.38000000
1636531020000,1636531020000,4717.41000000
1636531080000,1636531080000,4717.41000000
1636531140000,1636531140000,4716.63000000
1636531200000,1636531200000,4719.73000000
1636531260000,1636531260000,4719.73000000
1636531320000,1636531320000,4717.22000000
1636531380000,1636531380000,4717.22000000
1636531440000,1636531440000,4711.08000000
1636531500000,1636531500000,4711.58000000
1636531560000,1636531560000,4711.72000000
1636531620000,1636531620000,4710.83000000
1636531680000,1636531680000,4712.37000000
1636531740000,1636531740000,4712.37000000
1636531800000,1636531800000,4712.62000000
1636531860000,1636531860000,4717.45000000
1636531920000,1636531920000,4717.21000000
1636531980000,1636531980000,4717.21000000
1636532040000,1636532040000,4717.68000000
1636532100000,1636532100000,4717.68000000
1636532160000,1636532160000,4717.68000000
1636532220000,1636532220000,4717.68000000
1636532280000,1636532280000,4724.57000000
1636532340000,1636532340000,4730.03000000
1636532400000,1636532400000,4726.51000000
1636532460000,1636532460000,4726.51000000
1636532520000,1636532520000,4726.51000000
1636532580000,1636532580000,4721.34000000
1636532640000,1636532640000,4730.02000000
1636532700000,1636532700000,4730.02000000
1636532760000,1636532760000,4728.06000000
1636532820000,1636532820000,4728.06000000
1636532880000,1636532880000,4728.06000000
1636532940000,1636532940000,4729.71000000
1636533000000,1636533000000,4729.71000000
1636533060000,1636533060000,4731.11000000
1636533120000,1636533120000,4727.03000000
1636533180000,1636533180000,4727.03000000
1636533240000,1636533240000,4725.29000000
1636533300000,1636533300000,4722.55000000
1636533360000,1636533360000,4720.83000000
1636533420000,1636533420000,4717.04000000
1636533480000,1636533480000,4717.04000000
1636533540000,1636533540000,4718.55000000
1636533600000,1636533600000,4714.28000000
1636533660000,1636533660000,4714.28000000
1636533720000,1636533720000,4714.28000000
1636533780000,1636533780000,4714.28000000
1636533840000,1636533840000,4714.28000000
1636533900000,1636533900000,4714.28000000
1636533960000,1636533960000,4713.95000000
1636534020000,1636534020000,4714.18000000
1636534080000,1636534080000,4714.03000000
1636534140000,1636534140000,4714.03000000
1636534200000,1636534200000,4709.89000000
1636534260000,1636534260000,4708.99000000
1636534320000,1636534320000,4708.57000000
1636534380000,1636534380000,4706.51000000
1636534440000,1636534440000,4711.01000000
1636534500000,1636534500000,4716.63000000
1636534560000,1636534560000,4720.14000000
1636534620000,1636534620000,4718.12000000
1636534680000,1636534680000,4710.87000000
1636534740000,1636534740000,4708.58000000
1636534800000,1636534800000,4708.58000000
1636534860000,1636534860000,4708.58000000
1636534920000,1636534920000,4714.94000000
1636534980000,1636534980000,4717.92000000
1636535040000,1636535040000,4717.92000000
1636535100000,1636535100000,4718.77000000
1636535160000,1636535160000,4717.93000000
1636535220000,1636535220000,4719.71000000
1636535280000,1636535280000,4717.54000000
1636535340000,1636535340000,4716.90000000
1636535400000,1636535400000,4713.58000000
1636535460000,1636535460000,4713.58000000
1636535520000,1636535520000,4702.35000000
1636535580000,1636535580000,4706.16000000
1636535640000,1636535640000,4705.07000000
1636535700000,1636535700000,4704.09000000
1636535760000,1636535760000,4704.09000000
1636535820000,1636535820000,4702.17000000
1636535880000,1636535880000,4702.17000000
1636535940000,1636535940000,4701.69000000
1636536000000,1636536000000,4702.71000000
1636536060000,1636536060000,4702.71000000
1636536120000,1636536120000,4702.83000000
1636536180000,1636536180000,4707.04000000
1636536240000,1636536240000,4707.04000000
1636536300000,1636536300000,4707.39000000
1636536360000,1636536360000,4707.39000000
1636536420000,1636536420000,4707.39000000
1636536480000,1636536480000,4707.39000000
1636536540000,1636536540000,4707.39000000
1636536600000,1636536600000,4713.29000000
1636536660000,1636536660000,4718.38000000
1636536720000,1636536720000,4717.63000000
1636536780000,1636536780000,4717.63000000
1636536840000,1636536840000,4717.63000000
1636536900000,1636536900000,4715.06000000
1636536960000,1636536960000,4715.06000000
1636537020000,1636537020000,4715.06000000
1636537080000,1636537080000,4715.06000000
1636537140000,1636537140000,4715.22000000
1636537200000,1636537200000,4715.22000000
1636537260000,1636537260000,4715.22000000
1636537320000,1636537320000,4715.22000000
1636537380000,1636537380000,4715.22000000
1636537440000,1636537440000,4709.67000000
1636537500000,1636537500000,4709.67000000
1636537560000,1636537560000,4709.67000000
1636537620000,1636537620000,4711.15000000
1636537680000,1636537680000,4708.20000000
1636537740000,1636537740000,4708.20000000
1636537800000,1636537800000,4708.20000000
1636537860000,1636537860000,4708.20000000
1636537920000,1636537920000,4708.20000000
1636537980000,1636537980000,4708.20000000
1636538040000,1636538040000,4708.20000000
1636538100000,1636538100000,4708.20000000
1636538160000,1636538160000,4705.29000000
1636538220000,1636538220000,4705.29000000
1636538280000,1636538280000,4707.19000000
1636538340000,1636538340000,4707.19000000
1636538400000,1636538400000,4707.19000000
1636538460000,1636538460000,4707.19000000
1636538520000,1636538520000,4707.19000000
1636538580000,1636538580000,4707.19000000
1636538640000,1636538640000,4707.75000000
1636538700000,1636538700000,4707.75000000
1636538760000,1636538760000,4707.75000000
1636538820000,1636538820000,4707.75000000
1636538880000,1636538880000,4707.75000000
1636538940000,1636538940000,4707.75000000
1636539000000,1636539000000,4716.80000000
1636539060000,1636539060000,4716.80000000
1636539120000,1636539120000,4716.61000000
1636539180000,1636539180000,4720.54000000
1636539240000,1636539240000,4726.32000000
1636539300000,1636539300000,4723.31000000
1636539360000,1636539360000,4726.33000000
1636539420000,1636539420000,4732.80000000
1636539480000,1636539480000,4737.50000000
1636539540000,1636539540000,4737.50000000
1636539600000,1636539600000,4737.50000000
1636539660000,1636539660000,4737.50000000
1636539720000,1636539720000,4738.20000000
1636539780000,1636539780000,4737.94000000
1636539840000,1636539840000,4738.86000000
1636539900000,1636539900000,4739.04000000
1636539960000,1636539960000,4739.92000000
1636540020000,1636540020000,4741.78000000
1636540080000,1636540080000,4739.94000000
1636540140000,1636540140000,4737.13000000
1636540200000,1636540200000,4736.88000000
1636540260000,1636540260000,4736.41000000
1636540320000,1636540320000,4730.61000000
1636540380000,1636540380000,4730.61000000
1636540440000,1636540440000,4730.61000000
1636540500000,1636540500000,4730.61000000
1636540560000,1636540560000,4734.67000000
1636540620000,1636540620000,4739.42000000
1636540680000,1636540680000,4740.87000000
1636540740000,1636540740000,4743.60000000
1636540800000,1636540800000,4745.01000000
1636540860000,1636540860000,4745.01000000
1636540920000,1636540920000,4747.94000000
1636540980000,1636540980000,4750.78000000
1636541040000,1636541040000,4746.76000000
1636541100000,1636541100000,4744.02000000
1636541160000,1636541160000,4747.55000000
1636541220000,1636541220000,4749.40000000
1636541280000,1636541280000,4743.36000000
1636541340000,1636541340000,4743.36000000
1636541400000,1636541400000,4746.00000000
1636541460000,1636541460000,4745.58000000
1636541520000,1636541520000,4743.48000000
1636541580000,1636541580000,4746.92000000
1636541640000,1636541640000,4741.13000000
1636541700000,1636541700000,4741.13000000
1636541760000,1636541760000,4736.66000000
1636541820000,1636541820000,4736.66000000
1636541880000,1636541880000,4736.66000000
1636541940000,1636541940000,4739.29000000
1636542000000,1636542000000,4736.54000000
1636542060000,1636542060000,4736.54000000
1636542120000,1636542120000,4736.34000000
1636542180000,1636542180000,4736.13000000
1636542240000,1636542240000,4736.34000000
1636542300000,1636542300000,4736.42000000
1636542360000,1636542360000,4740.19000000
1636542420000,1636542420000,4740.19000000
1636542480000,1636542480000,4742.48000000
1636542540000,1636542540000,4737.07000000
1636542600000,1636542600000,4737.07000000
1636542660000,1636542660000,4740.18000000
1636542720000,1636542720000,4740.18000000
1636542780000,1636542780000,4740.18000000
1636542840000,1636542840000,4752.71000000
1636542900000,1636542900000,4752.97000000
1636542960000,1636542960000,4752.97000000
1636543020000,1636543020000,4747.78000000
1636543080000,1636543080000,4740.15000000
1636543140000,1636543140000,4742.01000000
1636543200000,1636543200000,4739.22000000
1636543260000,1636543260000,4738.51000000
1636543320000,1636543320000,4732.81000000
1636543380000,1636543380000,4733.47000000
1636543440000,1636543440000,4736.41000000
1636543500000,1636543500000,4730.13000000
1636543560000,1636543560000,4730.13000000
1636543620000,1636543620000,4735.32000000
1636543680000,1636543680000,4735.68000000
1636543740000,1636543740000,4735.68000000
1636543800000,1636543800000,4736.97000000
1636543860000,1636543860000,4736.97000000
1636543920000,1636543920000,4736.97000000
1636543980000,1636543980000,4736.97000000
1636544040000,1636544040000,4744.05000000
1636544100000,1636544100000,4738.99000000
1636544160000,1636544160000,4739.81000000
1636544220000,1636544220000,4734.02000000
1636544280000,1636544280000,4734.02000000
1636544340000,1636544340000,4734.02000000
1636544400000,1636544400000,4734.02000000
1636544460000,1636544460000,4734.02000000
1636544520000,1636544520000,4734.02000000
1636544580000,1636544580000,4734.02000000
1636544640000,1636544640000,4738.07000000
1636544700000,1636544700000,4740.82000000
1636544760000,1636544760000,4741.22000000
1636544820000,1636544820000,4739.26000000
1636544880000,1636544880000,4740.60000000
1636544940000,1636544940000,4740.42000000
1636545000000,1636545000000,4740.42000000
1636545060000,1636545060000,4731.71000000
1636545120000,1636545120000,4732.14000000
1636545180000,1636545180000,4732.14000000
1636545240000,1636545240000,4732.65000000
1636545300000,1636545300000,4732.46000000
1636545360000,1636545360000,4732.46000000
1636545420000,1636545420000,4732.46000000
1636545480000,1636545480000,4729.89000000
1636545540000,1636545540000,4728.67000000
1636545600000,1636545600000,4725.43000000
1636545660000,1636545660000,4723.15000000
1636545720000,1636545720000,4721.71000000
1636545780000,1636545780000,4728.44000000
1636545840000,1636545840000,4728.44000000
1636545900000,1636545900000,4742.18000000
1636545960000,1636545960000,4745.94000000
1636546020000,1636546020000,4746.73000000
1636546080000,1636546080000,4745.58000000
1636546140000,1636546140000,4745.10000000
1636546200000,1636546200000,4745.10000000
1636546260000,1636546260000,4745.10000000
1636546320000,1636546320000,4752.53000000
1636546380000,1636546380000,4749.44000000
1636546440000,1636546440000,4752.09000000
1636546500000,1636546500000,4747.31000000
1636546560000,1636546560000,4745.60000000
1636546620000,1636546620000,4746.26000000
1636546680000,1636546680000,4738.39000000
1636546740000,1636546740000,4738.39000000
1636546800000,1636546800000,4730.14000000
1636546860000,1636546860000,4730.14000000
1636546920000,1636546920000,4730.14000000
1636546980000,1636546980000,4730.14000000
1636547040000,1636547040000,4730.14000000
1636547100000,1636547100000,4734.67000000
1636547160000,1636547160000,4731.08000000
1636547220000,1636547220000,4728.68000000
1636547280000,1636547280000,4726.57000000
1636547340000,1636547340000,4725.09000000
1636547400000,1636547400000,4729.71000000
1636547460000,1636547460000,4728.16000000
1636547520000,1636547520000,4726.90000000
1636547580000,1636547580000,4729.73000000
1636547640000,1636547640000,4731.66000000
1636547700000,1636547700000,4733.69000000
1636547760000,1636547760000,4733.69000000
1636547820000,1636547820000,4732.03000000
1636547880000,1636547880000,4730.53000000
1636547940000,1636547940000,4730.53000000
1636548000000,1636548000000,4730.53000000
1636548060000,1636548060000,4730.53000000
1636548120000,1636548120000,4732.52000000
1636548180000,1636548180000,4735.16000000
1636548240000,1636548240000,4735.01000000
1636548300000,1636548300000,4733.03000000
1636548360000,1636548360000,4726.47000000
1636548420000,1636548420000,4725.06000000
1636548480000,1636548480000,4724.82000000
1636548540000,1636548540000,4720.09000000
1636548600000,1636548600000,4718.68000000
1636548660000,1636548660000,4718.79000000
1636548720000,1636548720000,4718.79000000
1636548780000,1636548780000,4714.68000000
1636548840000,1636548840000,4709.27000000
1636548900000,1636548900000,4706.56000000
1636548960000,1636548960000,4706.43000000
1636549020000,1636549020000,4701.94000000
1636549080000,1636549080000,4708.88000000
1636549140000,1636549140000,4707.53000000
1636549200000,1636549200000,4706.99000000
1636549260000,1636549260000,4710.29000000
1636549320000,1636549320000,4703.42000000
1636549380000,1636549380000,4700.68000000
1636549440000,1636549440000,4709.10000000
1636549500000,1636549500000,4706.34000000
1636549560000,1636549560000,4714.81000000
1636549620000,1636549620000,4718.37000000
1636549680000,1636549680000,4717.59000000
1636549740000,1636549740000,4717.59000000
1636549800000,1636549800000,4717.59000000
1636549860000,1636549860000,4717.59000000
1636549920000,1636549920000,4716.12000000
1636549980000,1636549980000,4719.76000000
1636550040000,1636550040000,4722.93000000
1636550100000,1636550100000,4720.22000000
1636550160000,1636550160000,4721.72000000
1636550220000,1636550220000,4725.08000000
1636550280000,1636550280000,4721.58000000
1636550340000,1636550340000,4722.20000000
1636550400000,1636550400000,4727.24000000
1636550460000,1636550460000,4727.24000000
1636550520000,1636550520000,4728.51000000
1636550580000,1636550580000,4727.75000000
1636550640000,1636550640000,4724.52000000
1636550700000,1636550700000,4716.93000000
1636550760000,1636550760000,4716.93000000
1636550820000,1636550820000,4716.93000000
1636550880000,1636550880000,4716.06000000
1636550940000,1636550940000,4716.06000000
1636551000000,1636551000000,4720.72000000
1636551060000,1636551060000,4716.77000000
1636551120000,1636551120000,4716.98000000
1636551180000,1636551180000,4743.10000000
1636551240000,1636551240000,4748.90000000
1636551300000,1636551300000,4765.44000000
1636551360000,1636551360000,4768.18000000
1636551420000,1636551420000,4773.98000000
1636551480000,1636551480000,4772.73000000
1636551540000,1636551540000,4778.13000000
1636551600000,1636551600000,4773.97000000
1636551660000,1636551660000,4774.89000000
1636551720000,1636551720000,4774.01000000
1636551780000,1636551780000,4783.60000000
1636551840000,1636551840000,4784.85000000
1636551900000,1636551900000,4794.03000000
1636551960000,1636551960000,4794.89000000
1636552020000,1636552020000,4799.57000000
1636552080000,1636552080000,4799.27000000
1636552140000,1636552140000,4788.09000000
1636552200000,1636552200000,4779.20000000
1636552260000,1636552260000,4773.10000000
1636552320000,1636552320000,4774.30000000
1636552380000,1636552380000,4779.34000000
1636552440000,1636552440000,4795.06000000
1636552500000,1636552500000,4785.90000000
1636552560000,1636552560000,4794.88000000
1636552620000,1636552620000,4792.14000000
1636552680000,1636552680000,4792.59000000
1636552740000,1636552740000,4794.78000000
1636552800000,1636552800000,4794.33000000
1636552860000,1636552860000,4796.74000000
1636552920000,1636552920000,4805.49000000
1636552980000,1636552980000,4806.74000000
1636553040000,1636553040000,4812.64000000
1636553100000,1636553100000,4816.92000000
1636553160000,1636553160000,4821.82000000
1636553220000,1636553220000,4812.13000000
1636553280000,1636553280000,4825.66000000
1636553340000,1636553340000,4826.16000000
1636553400000,1636553400000,4822.74000000
1636553460000,1636553460000,4827.18000000
1636553520000,1636553520000,4835.56000000
1636553580000,1636553580000,4838.61000000
1636553640000,1636553640000,4848.63000000
1636553700000,1636553700000,4849.51000000
1636553760000,1636553760000,4862.47000000
1636553820000,1636553820000,4848.31000000
1636553880000,1636553880000,4851.68000000
1636553940000,1636553940000,4844.89000000
1636554000000,1636554000000,4839.59000000
1636554060000,1636554060000,4845.01000000
1636554120000,1636554120000,4844.49000000
1636554180000,1636554180000,4838.50000000
1636554240000,1636554240000,4839.75000000
1636554300000,1636554300000,4833.20000000
1636554360000,1636554360000,4829.50000000
1636554420000,1636554420000,4824.25000000
1636554480000,1636554480000,4820.56000000
1636554540000,1636554540000,4820.56000000
1636554600000,1636554600000,4837.65000000
1636554660000,1636554660000,4828.69000000
1636554720000,1636554720000,4822.25000000
1636554780000,1636554780000,4816.81000000
1636554840000,1636554840000,4824.80000000
1636554900000,1636554900000,4824.92000000
1636554960000,1636554960000,4833.81000000
1636555020000,1636555020000,4821.20000000
1636555080000,1636555080000,4824.11000000
1636555140000,1636555140000,4824.50000000
1636555200000,1636555200000,4832.74000000
1636555260000,1636555260000,4831.60000000
1636555320000,1636555320000,4838.72000000
1636555380000,1636555380000,4840.36000000
1636555440000,1636555440000,4837.89000000
1636555500000,1636555500000,4845.50000000
1636555560000,1636555560000,4844.52000000
1636555620000,1636555620000,4846.16000000
1636555680000,1636555680000,4846.16000000
1636555740000,1636555740000,4846.16000000
1636555800000,1636555800000,4837.93000000
1636555860000,1636555860000,4833.37000000
1636555920000,1636555920000,4831.08000000
1636555980000,1636555980000,4833.16000000
1636556040000,1636556040000,4834.50000000
1636556100000,1636556100000,4834.03000000
1636556160000,1636556160000,4838.92000000
1636556220000,1636556220000,4843.97000000
1636556280000,1636556280000,4844.20000000
1636556340000,1636556340000,4846.73000000
1636556400000,1636556400000,4851.80000000
1636556460000,1636556460000,4848.04000000
1636556520000,1636556520000,4852.03000000
1636556580000,1636556580000,4849.98000000
1636556640000,1636556640000,4850.74000000
1636556700000,1636556700000,4848.97000000
1636556760000,1636556760000,4843.38000000
1636556820000,1636556820000,4845.74000000
1636556880000,1636556880000,4853.08000000
1636556940000,1636556940000,4849.14000000
1636557000000,1636557000000,4846.27000000
1636557060000,1636557060000,4848.92000000
1636557120000,1636557120000,4850.96000000
1636557180000,1636557180000,4850.31000000
1636557240000,1636557240000,4848.82000000
1636557300000,1636557300000,4846.36000000
1636557360000,1636557360000,4843.84000000
1636557420000,1636557420000,4851.70000000
1636557480000,1636557480000,4853.42000000
1636557540000,1636557540000,4854.05000000
1636557600000,1636557600000,4851.59000000
1636557660000,1636557660000,4850.98000000
1636557720000,1636557720000,4847.29000000
1636557780000,1636557780000,4841.80000000
1636557840000,1636557840000,4844.85000000
1636557900000,1636557900000,4843.03000000
1636557960000,1636557960000,4846.43000000
1636558020000,1636558020000,4846.94000000
1636558080000,1636558080000,4844.87000000
1636558140000,1636558140000,4839.52000000
1636558200000,1636558200000,4839.47000000
1636558260000,1636558260000,4831.79000000
1636558320000,1636558320000,4831.79000000
1636558380000,1636558380000,4837.27000000
1636558440000,1636558440000,4835.38000000
1636558500000,1636558500000,4840.68000000
1636558560000,1636558560000,4841.18000000
1636558620000,1636558620000,4841.18000000
1636558680000,1636558680000,4842.01000000
1636558740000,1636558740000,4842.04000000
1636558800000,1636558800000,4839.56000000
1636558860000,1636558860000,4839.56000000
1636558920000,1636558920000,4839.66000000
1636558980000,1636558980000,4842.31000000
1636559040000,1636559040000,4849.45000000
1636559100000,1636559100000,4848.16000000
1636559160000,1636559160000,4849.36000000
1636559220000,1636559220000,4848.79000000
1636559280000,1636559280000,4848.79000000
1636559340000,1636559340000,4848.79000000
1636559400000,1636559400000,4845.45000000
1636559460000,1636559460000,4845.45000000
1636559520000,1636559520000,4847.08000000
1636559580000,1636559580000,4851.33000000
1636559640000,1636559640000,4851.33000000
1636559700000,1636559700000,4850.77000000
1636559760000,1636559760000,4850.59000000
1636559820000,1636559820000,4846.46000000
1636559880000,1636559880000,4847.69000000
1636559940000,1636559940000,4847.19000000
1636560000000,1636560000000,4853.96000000
1636560060000,1636560060000,4858.46000000
1636560120000,1636560120000,4855.24000000
1636560180000,1636560180000,4861.58000000
1636560240000,1636560240000,4863.49000000
1636560300000,1636560300000,4860.75000000
1636560360000,1636560360000,4856.34000000
1636560420000,1636560420000,4853.97000000
1636560480000,1636560480000,4853.23000000
1636560540000,1636560540000,4851.26000000
1636560600000,1636560600000,4852.96000000
1636560660000,1636560660000,4850.04000000
1636560720000,1636560720000,4848.78000000
1636560780000,1636560780000,4848.78000000
1636560840000,1636560840000,4840.63000000
1636560900000,1636560900000,4844.34000000
1636560960000,1636560960000,4842.77000000
1636561020000,1636561020000,4844.30000000
1636561080000,1636561080000,4844.30000000
1636561140000,1636561140000,4840.51000000
1636561200000,1636561200000,4842.15000000
1636561260000,1636561260000,4841.59000000
1636561320000,1636561320000,4847.09000000
1636561380000,1636561380000,4852.96000000
1636561440000,1636561440000,4850.22000000
1636561500000,1636561500000,4850.05000000
1636561560000,1636561560000,4845.47000000
1636561620000,1636561620000,4848.91000000
1636561680000,1636561680000,4848.47000000
1636561740000,1636561740000,4845.37000000
1636561800000,1636561800000,4846.46000000
1636561860000,1636561860000,4842.23000000
1636561920000,1636561920000,4846.02000000
1636561980000,1636561980000,4841.19000000
1636562040000,1636562040000,4840.66000000
1636562100000,1636562100000,4843.29000000
1636562160000,1636562160000,4843.35000000
1636562220000,1636562220000,4843.51000000
1636562280000,1636562280000,4843.51000000
1636562340000,1636562340000,4839.65000000
1636562400000,1636562400000,4839.75000000
1636562460000,1636562460000,4838.25000000
1636562520000,1636562520000,4837.35000000
1636562580000,1636562580000,4836.46000000
1636562640000,1636562640000,4835.31000000
1636562700000,1636562700000,4836.24000000
1636562760000,1636562760000,4842.66000000
1636562820000,1636562820000,4845.68000000
1636562880000,1636562880000,4844.63000000
1636562940000,1636562940000,4851.83000000
1636563000000,1636563000000,4842.67000000
1636563060000,1636563060000,4842.54000000
1636563120000,1636563120000,4843.05000000
1636563180000,1636563180000,4842.54000000
1636563240000,1636563240000,4841.23000000
1636563300000,1636563300000,4840.76000000
1636563360000,1636563360000,4847.18000000
1636563420000,1636563420000,4843.04000000
1636563480000,1636563480000,4844.84000000
1636563540000,1636563540000,4845.61000000
1636563600000,1636563600000,4847.00000000
1636563660000,1636563660000,4846.39000000
1636563720000,1636563720000,4846.39000000
1636563780000,1636563780000,4843.12000000
1636563840000,1636563840000,4843.12000000
1636563900000,1636563900000,4838.51000000
1636563960000,1636563960000,4846.39000000
1636564020000,1636564020000,4851.45000000
1636564080000,1636564080000,4850.59000000
1636564140000,1636564140000,4851.74000000
1636564200000,1636564200000,4851.74000000
1636564260000,1636564260000,4851.74000000
1636564320000,1636564320000,4851.18000000
1636564380000,1636564380000,4846.27000000
1636564440000,1636564440000,4841.68000000
1636564500000,1636564500000,4840.08000000
1636564560000,1636564560000,4839.67000000
1636564620000,1636564620000,4839.67000000
1636564680000,1636564680000,4839.93000000
1636564740000,1636564740000,4839.67000000
1636564800000,1636564800000,4844.06000000
1636564860000,1636564860000,4844.06000000
1636564920000,1636564920000,4841.79000000
1636564980000,1636564980000,4840.43000000
1636565040000,1636565040000,4840.43000000
1636565100000,1636565100000,4840.43000000
1636565160000,1636565160000,4844.22000000
1636565220000,1636565220000,4844.22000000
1636565280000,1636565280000,4844.22000000
1636565340000,1636565340000,4843.67000000
1636565400000,1636565400000,4843.67000000
1636565460000,1636565460000,4843.67000000
1636565520000,1636565520000,4845.19000000
1636565460459,1636565460459,4849.81
1636565520863,1636565520863,4849.54
